Rank,Title,Studio,Release Date,Opening Box Office,Opening Theaters,Genre,Runtime,Rating,Lifetime Gross
149,The Exorcist,Warner Bros.,26-Dec-73,N/A,N/A,Horror,2 hrs. 2 min.,R,"$232,906,145 "
240,Snow White and the Seven Dwarfs,Disney,21-Dec-37,N/A,N/A,Animation,1 hrs. 23 min.,G,"$184,925,486 "
304,Three Men and a Baby,Buena Vista,25-Nov-87,N/A,N/A,Comedy,1 hrs. 42 min.,PG,"$167,780,960 "
343,The Sting,Universal,25-Dec-73,N/A,N/A,Crime Comedy,2 hrs. 9 min.,PG,"$156,000,000 "
406,National Lampoon's Animal House,Universal,28-Jul-78,N/A,N/A,Comedy,1 hrs. 49 min.,R,"$141,600,000 "
114,Jaws,Universal,20-Jun-75,N/A,N/A,Horror Thriller,2 hrs. 5 min.,PG,"$260,000,000 "
407,Pocahontas,Buena Vista,16-Jun-95,N/A,N/A,Animation,1 hrs. 21 min.,G,"$141,579,773 "
26,The Lion King,Buena Vista,15-Jun-94,N/A,N/A,Animation,1 hrs. 29 min.,G,"$422,783,777 "
411,The Blair Witch Project,Artisan,16-Jul-99,N/A,N/A,Horror,1 hrs. 26 min.,R,"$140,539,099 "
266,Tootsie,Columbia,17-Dec-82,N/A,N/A,Comedy,1 hrs. 59 min.,PG,"$177,200,000 "
518,Rocky III,United Artists,28-May-82,N/A,N/A,Sports Drama,1 hrs. 39 min.,PG,"$125,049,125 "
136,My Big Fat Greek Wedding,IFC,19-Apr-02,N/A,N/A,Romantic Comedy,1 hrs. 35 min.,PG,"$241,438,208 "
250,Lincoln,Buena Vista,9-Nov-12,N/A,N/A,Historical Drama,2 hrs. 25 min.,PG-13,"$182,207,973 "
242,Dances with Wolves,Orion Pictures,9-Nov-90,N/A,N/A,Western,3 hrs. 3 min.,PG-13,"$184,208,848 "
358,Gremlins,Warner Bros.,8-Jun-84,N/A,N/A,Horror Comedy,1 hrs. 46 min.,PG,"$153,083,102 "
423,The King's Speech,Weinstein Company,26-Nov-10,N/A,N/A,Historical Drama,1 hrs. 58 min.,R,"$138,797,449 "
37,Frozen,Buena Vista,22-Nov-13,N/A,N/A,Animation,1 hrs. 48 min.,PG,"$400,738,009 "
322,A Bug's Life,Buena Vista,20-Nov-98,N/A,N/A,Animation,1 hrs. 36 min.,G,"$162,798,565 "
130,Toy Story 2,Buena Vista,19-Nov-99,N/A,N/A,Animation,1 hrs. 32 min.,G,"$245,852,179 "
463,Silver Linings Playbook,Weinstein Company,16-Nov-12,N/A,N/A,Comedy,2 hrs. 2 min.,R,"$132,092,958 "
167,Beauty and the Beast,Buena Vista,15-Nov-91,N/A,N/A,Animation,1 hrs. 24 min.,G,"$218,967,620 "
173,Aladdin,Buena Vista,13-Nov-92,N/A,N/A,Animation,1 hrs. 30 min.,G,"$217,350,219 "
409,Slumdog Millionaire,Fox Searchlight,12-Nov-08,N/A,N/A,Drama,2 hrs. 0 min.,R,"$141,319,928 "
209,Gone with the Wind,MGM,15-Dec-39,N/A,N/A,Historical Epic,3 hrs. 58 min.,G,"$200,852,579 "
389,101 Dalmatians,Disney,25-Jan-61,N/A,N/A,Animation,1 hrs. 19 min.,G,"$144,880,014 "
404,The Jungle Book,Disney,18-Oct-67,N/A,N/A,Animation,1 hrs. 18 min.,G,"$141,843,612 "
478,American Beauty,DreamWorks,15-Sep-99,N/A,N/A,Drama,2 hrs. 2 min.,R,"$130,096,601 "
362,La La Land,Lionsgate/Summit,9-Dec-16,N/A,N/A,Musical,2 hrs. 8 min.,PG-13,"$151,101,803 "
487,"Crouching Tiger, Hidden Dragon",Sony Classics,8-Dec-00,N/A,N/A,Foreign / Action,2 hrs. 0 min.,PG-13,"$128,078,872 "
400,Juno,Fox Searchlight,5-Dec-07,N/A,N/A,Comedy / Drama,1 hrs. 31 min.,PG-13,"$143,495,265 "
428,Good Will Hunting,Miramax,5-Dec-97,N/A,N/A,Drama,2 hrs. 6 min.,R,"$138,433,435 "
296,Chicago,Miramax,27-Dec-02,N/A,N/A,Musical,1 hrs. 47 min.,PG-13,"$170,687,518 "
525,Traffic,USA Films,27-Dec-00,N/A,N/A,Crime Drama,2 hrs. 27 min.,R,"$124,115,725 "
299,Hidden Figures,Fox,25-Dec-16,N/A,N/A,Drama,2 hrs. 7 min.,PG,"$169,607,287 "
245,The Revenant,Fox,25-Dec-15,N/A,N/A,Action / Adventure,2 hrs. 31 min.,R,"$183,637,894 "
54,American Sniper,Warner Bros.,25-Dec-14,N/A,N/A,Drama,2 hrs. 12 min.,R,"$350,126,372 "
516,Lone Survivor,Universal,25-Dec-13,N/A,N/A,Action Drama,2 hrs. 1 min.,R,"$125,095,601 "
295,A Beautiful Mind,Universal,21-Dec-01,N/A,N/A,Period Drama,2 hrs. 16 min.,PG-13,"$170,742,341 "
191,Mission: Impossible - Ghost Protocol,Paramount,16-Dec-11,N/A,N/A,Action,2 hrs. 12 min.,PG-13,"$209,397,903 "
451,Superman,Warner Bros.,15-Dec-78,N/A,N/A,Action / Adventure,2 hrs. 23 min.,PG,"$134,451,603 "
370,American Hustle,Sony / Columbia,13-Dec-13,N/A,N/A,Drama,2 hrs. 18 min.,R,"$150,117,807 "
379,Gran Torino,Warner Bros.,12-Dec-08,N/A,N/A,Action Drama,1 hrs. 56 min.,R,"$148,095,302 "
17,Star Wars,Fox,25-May-77,N/A,N/A,Sci-Fi Fantasy,2 hrs. 1 min.,PG,"$460,998,007 "
95,The Empire Strikes Back,Fox,21-May-80,N/A,N/A,Sci-Fi Fantasy,2 hrs. 9 min.,PG,"$290,475,067 "
160,The Fate of the Furious,Universal,14-Apr-17,98786705,"4,329",Action,2 hrs. 16 min.,PG-13,"$226,008,385 "
71,Iron Man,Paramount,2-May-08,98618668,"4,154",Action / Adventure,2 hrs. 6 min.,PG-13,"$318,412,101 "
53,Transformers: Dark of the Moon,Paramount (DreamWorks),29-Jun-11,97852865,"4,088",Sci-Fi Action,2 hrs. 34 min.,PG-13,"$352,390,543 "
140,Fast & Furious 6,Universal,24-May-13,97375245,"3,771",Action,2 hrs. 10 min.,PG-13,"$238,679,850 "
115,Captain America: The Winter Soldier,Buena Vista,4-Apr-14,95023721,"3,938",Action / Adventure,2 hrs. 16 min.,PG-13,"$259,766,572 "
63,Guardians of the Galaxy,Buena Vista,1-Aug-14,94320883,"4,088",Action / Adventure,2 hrs. 1 min.,PG-13,"$333,176,600 "
152,Justice League,Warner Bros.,17-Nov-17,93842239,"4,051",Action / Adventure,1 hrs. 59 min.,PG-13,"$229,024,295 "
127,Harry Potter and the Prisoner of Azkaban,Warner Bros.,4-Jun-04,93687367,"3,855",Fantasy,2 hrs. 22 min.,PG,"$249,759,843 "
211,Godzilla (2014),Warner Bros.,16-May-14,93188384,"3,952",Sci-Fi Action,2 hrs. 3 min.,PG-13,"$200,676,069 "
100,The Matrix Reloaded,Warner Bros.,15-May-03,91774413,"3,603",Sci-Fi Action,2 hrs. 18 min.,R,"$281,576,461 "
202,The Amazing Spider-Man 2,Sony / Columbia,2-May-14,91608337,"4,324",Action / Adventure,2 hrs. 22 min.,PG-13,"$202,853,933 "
147,X-Men: Days of Future Past,Fox,23-May-14,90823660,"4,001",Action / Adventure,2 hrs. 11 min.,PG-13,"$233,921,534 "
50,Inside Out,Buena Vista,19-Jun-15,90440272,"4,158",Animation,1 hrs. 34 min.,PG,"$356,461,711 "
72,Harry Potter and the Sorcerer's Stone,Warner Bros.,16-Nov-01,90294621,"3,672",Fantasy,2 hrs. 33 min.,PG,"$317,871,467 "
138,Pirates of the Caribbean: On Stranger Tides,Buena Vista,20-May-11,90151958,"4,164",Period Adventure,2 hrs. 17 min.,PG-13,"$241,071,802 "
229,Grease,Paramount,16-Jun-78,8941717,862,Musical,1 hrs. 50 min.,PG,"$189,969,103 "
158,Logan (2017),Fox,3-Mar-17,88411916,"4,071",Action / Adventure,2 hrs. 15 min.,R,"$226,277,068 "
82,Skyfall,Sony / Columbia,9-Nov-12,88364714,"3,526",Action,2 hrs. 23 min.,PG-13,"$304,360,277 "
110,Harry Potter and the Chamber of Secrets,Warner Bros.,15-Nov-02,88357488,"3,682",Fantasy,2 hrs. 41 min.,PG,"$262,233,983 "
44,Spider-Man 2,Sony / Columbia,30-Jun-04,88156227,"4,166",Action / Adventure,2 hrs. 7 min.,PG-13,"$373,585,825 "
280,The Greatest Showman,Fox,20-Dec-17,8805843,"3,342",Musical,1 hrs. 45 min.,PG,"$174,340,174 "
189,Fast Five,Universal,29-Apr-11,86198765,"3,793",Action,2 hrs. 10 min.,PG-13,"$209,837,675 "
122,The Hangover Part II,Warner Bros.,26-May-11,85946294,"3,675",Comedy,1 hrs. 42 min.,R,"$254,464,305 "
199,Thor: The Dark World,Buena Vista,8-Nov-13,85737841,"3,841",Action / Adventure,2 hrs. 0 min.,PG-13,"$206,362,140 "
182,X2: X-Men United,Fox,2-May-03,85558731,"3,749",Action / Adventure,2 hrs. 14 min.,PG-13,"$214,949,694 "
309,Fifty Shades of Grey,Universal,13-Feb-15,85171450,"3,655",Romance,2 hrs. 5 min.,R,"$166,167,230 "
150,Doctor Strange,Buena Vista,4-Nov-16,85058311,"3,882",Action / Adventure,1 hrs. 55 min.,PG-13,"$232,641,920 "
258,X-Men Origins: Wolverine,Fox,1-May-09,85058003,"4,102",Action / Adventure,1 hrs. 47 min.,PG-13,"$179,883,157 "
83,The Hobbit: An Unexpected Journey,Warner Bros. (New Line),14-Dec-12,84617303,"4,100",Fantasy,2 hrs. 46 min.,PG-13,"$303,003,568 "
184,Solo: A Star Wars Story,Buena Vista,25-May-18,84420489,"4,381",Action / Adventure,2 hrs. 15 min.,PG-13,"$213,767,512 "
45,The Passion of the Christ,Newmarket,25-Feb-04,83848082,"3,408",Historical Drama,2 hrs. 6 min.,R,"$370,782,930 "
47,Despicable Me 2,Universal,3-Jul-13,83517315,"4,003",Animation,1 hrs. 38 min.,PG,"$368,061,265 "
129,Raiders of the Lost Ark,Paramount,12-Jun-81,8305823,"1,078",Period Adventure,1 hrs. 55 min.,PG,"$248,159,971 "
107,Monsters University,Buena Vista,21-Jun-13,82429469,"4,004",Animation,1 hrs. 47 min.,G,"$268,492,764 "
260,Top Gun,Paramount,16-May-86,8193052,"1,531",Action Drama,1 hrs. 50 min.,PG,"$179,800,601 "
278,Crocodile Dundee,Paramount,26-Sep-86,8038855,"1,495",Adventure Comedy,1 hrs. 33 min.,PG-13,"$174,803,506 "
185,Venom (2018),Sony / Columbia,5-Oct-18,80255756,"4,250",Action,1 hrs. 52 min.,PG-13,"$213,515,506 "
77,Star Wars: Episode II - Attack of the Clones,Fox,16-May-02,80027814,"3,161",Sci-Fi Fantasy,2 hrs. 12 min.,PG,"$310,676,740 "
142,Oz The Great and Powerful,Buena Vista,8-Mar-13,79110453,"3,912",Adventure,2 hrs. 7 min.,PG,"$234,911,825 "
84,Harry Potter and the Half-Blood Prince,Warner Bros.,15-Jul-09,77835727,"4,455",Fantasy,2 hrs. 33 min.,PG,"$302,089,278 "
119,I Am Legend,Warner Bros.,14-Dec-07,77211321,"3,648",Sci-Fi Horror,1 hrs. 40 min.,PG-13,"$256,393,010 "
92,Harry Potter and the Order of the Phoenix,Warner Bros.,11-Jul-07,77108414,"4,285",Fantasy,2 hrs. 19 min.,PG-13,"$292,137,260 "
172,The Da Vinci Code,Sony / Columbia,19-May-06,77073388,"3,757",Thriller,2 hrs. 29 min.,PG-13,"$217,536,138 "
3,Avatar,Fox,18-Dec-09,77025481,"3,461",Sci-Fi Adventure,2 hrs. 40 min.,PG-13,"$760,507,625 "
333,Halloween (2018),Universal,19-Oct-18,76221545,"3,990",Horror,1 hrs. 49 min.,R,"$159,342,015 "
341,Fatal Attraction,Paramount,18-Sep-87,7602740,"1,401",Thriller,2 hrs. 3 min.,R,"$156,645,693 "
176,Ant-Man and the Wasp,Buena Vista,6-Jul-18,75812205,"4,206",Action,1 hrs. 58 min.,PG-13,"$216,648,740 "
118,Star Trek,Paramount,8-May-09,75204289,"4,053",Sci-Fi Adventure,2 hrs. 6 min.,PG-13,"$257,730,019 "
56,Zootopia,Buena Vista,4-Mar-16,75063401,"3,959",Animation,1 hrs. 48 min.,PG,"$341,268,248 "
146,Fantastic Beasts and Where To Find Them,Warner Bros.,18-Nov-16,74403387,"4,144",Fantasy,2 hrs. 20 min.,PG-13,"$234,037,575 "
247,The Simpsons Movie,Fox,27-Jul-07,74036787,"3,926",Animation,1 hrs. 27 min.,PG-13,"$183,135,014 "
116,The Hobbit: The Desolation of Smaug,Warner Bros. (New Line),13-Dec-13,73645197,"3,928",Fantasy,2 hrs. 41 min.,PG-13,"$258,366,855 "
186,Austin Powers in Goldmember,New Line,26-Jul-02,73071188,"3,613",Comedy,1 hrs. 34 min.,PG-13,"$213,307,889 "
43,The Lord of the Rings: The Return of the King,New Line,17-Dec-03,72629713,"3,703",Fantasy,3 hrs. 20 min.,PG-13,"$377,845,905 "
194,Dawn of the Planet of the Apes,Fox,11-Jul-14,72611427,"3,969",Sci-Fi Action,2 hrs. 10 min.,PG-13,"$208,545,589 "
109,Despicable Me 3,Universal,30-Jun-17,72434025,"4,535",Animation,1 hrs. 30 min.,PG,"$264,624,300 "
151,The Lost World: Jurassic Park,Universal,23-May-97,72132785,"3,565",Sci-Fi Horror,2 hrs. 9 min.,PG-13,"$229,086,679 "
276,Us,Universal,22-Mar-19,71117625,"3,743",Thriller,1 hrs. 56 min.,R,"$175,005,930 "
349,Fast and Furious,Universal,3-Apr-09,70950500,"3,674",Action,1 hrs. 39 min.,PG-13,"$155,064,265 "
187,300,Warner Bros.,9-Mar-07,70885301,"3,280",Period Action,1 hrs. 57 min.,R,"$210,614,939 "
139,Shrek Forever After,Paramount (DreamWorks),21-May-10,70838207,"4,386",Animation,1 hrs. 33 min.,PG,"$238,736,787 "
70,Transformers,Paramount (DreamWorks),3-Jul-07,70502384,"4,050",Sci-Fi Action,2 hrs. 23 min.,PG-13,"$319,246,193 "
112,The Incredibles,Buena Vista,5-Nov-04,70467623,"3,933",Animation,1 hrs. 55 min.,PG,"$261,441,092 "
213,Spectre,Sony / Columbia,6-Nov-15,70403148,"3,929",Action,2 hrs. 28 min.,PG-13,"$200,074,609 "
41,Finding Nemo,Buena Vista,30-May-03,70251710,"3,425",Animation,1 hrs. 44 min.,G,"$380,843,261 "
183,Dr. Seuss' The Lorax,Universal,2-Mar-12,70217070,"3,769",Animation,1 hrs. 35 min.,PG,"$214,030,500 "
153,Star Trek Into Darkness,Paramount,16-May-13,70165559,"3,907",Sci-Fi Adventure,2 hrs. 3 min.,PG-13,"$228,778,661 "
287,Rain Man,MGM,16-Dec-88,7005719,"1,590",Drama,2 hrs. 13 min.,R,"$172,825,435 "
222,Twilight,Summit Entertainment,21-Nov-08,69637740,"3,649",Romance,2 hrs. 0 min.,PG-13,"$192,769,854 "
137,Maleficent,Buena Vista,30-May-14,69431298,"3,948",Fantasy,1 hrs. 37 min.,PG,"$241,410,378 "
157,The Bourne Ultimatum,Universal,3-Aug-07,69283690,"3,701",Action Thriller,1 hrs. 51 min.,PG-13,"$227,471,070 "
241,Pitch Perfect 2,Universal,15-May-15,69216890,"3,660",Comedy,1 hrs. 55 min.,PG-13,"$184,296,230 "
117,The LEGO Movie,Warner Bros.,7-Feb-14,69050279,"3,890",Animation,1 hrs. 40 min.,PG,"$257,760,692 "
238,The Day After Tomorrow,Fox,28-May-04,68743584,"3,444",Action Drama,2 hrs. 4 min.,PG-13,"$186,740,799 "
256,Planet of the Apes (2001),Fox,27-Jul-01,68532960,"3,530",Sci-Fi Action,1 hrs. 59 min.,PG-13,"$180,011,740 "
204,The Mummy Returns,Universal,4-May-01,68139035,"3,553",Period Adventure,2 hrs. 10 min.,PG-13,"$202,019,785 "
89,Up,Buena Vista,29-May-09,68108790,"3,886",Animation,1 hrs. 36 min.,PG,"$293,004,164 "
219,Ice Age: The Meltdown,Fox,31-Mar-06,68033544,"3,969",Animation,1 hrs. 30 min.,PG,"$195,330,621 "
133,Bruce Almighty,Universal,23-May-03,67953330,"3,549",Fantasy Comedy,1 hrs. 41 min.,PG-13,"$242,829,261 "
207,Cinderella (2015),Buena Vista,13-Mar-15,67877361,"3,848",Fantasy,1 hrs. 52 min.,PG,"$201,151,353 "
60,Aquaman,Warner Bros.,21-Dec-18,67873522,"4,184",Action / Adventure,2 hrs. 19 min.,PG-13,"$335,061,807 "
105,Dr. Seuss' The Grinch (2018),Universal,9-Nov-18,67572855,"4,141",Animation,1 hrs. 30 min.,PG,"$270,620,950 "
301,Quantum of Solace,Sony / Columbia,14-Nov-08,67528882,"3,501",Action,1 hrs. 46 min.,PG-13,"$168,368,427 "
159,Rush Hour 2,New Line,3-Aug-01,67408222,"3,118",Action Comedy,1 hrs. 30 min.,PG-13,"$226,164,286 "
203,World War Z,Paramount,21-Jun-13,66411834,"3,607",Action Horror,1 hrs. 56 min.,PG-13,"$202,359,711 "
141,Brave,Buena Vista,22-Jun-12,66323594,"4,164",Animation,1 hrs. 40 min.,PG,"$237,283,207 "
225,Cars 2,Buena Vista,24-Jun-11,66135507,"4,115",Animation,1 hrs. 53 min.,G,"$191,452,396 "
345,X-Men: Apocalypse,Fox,27-May-16,65769562,"4,153",Action / Adventure,2 hrs. 23 min.,PG-13,"$155,442,489 "
253,Thor,Paramount,6-May-11,65723338,"3,963",Action / Adventure,1 hrs. 55 min.,PG-13,"$181,030,624 "
226,Teenage Mutant Ninja Turtles (2014),Paramount,8-Aug-14,65575105,"3,980",Action / Adventure,1 hrs. 41 min.,PG-13,"$191,204,754 "
93,"The Chronicles of Narnia: The Lion, the Witch and the Wardrobe",Buena Vista,9-Dec-05,65556312,"3,853",Fantasy,2 hrs. 12 min.,PG,"$291,710,957 "
310,2012,Sony / Columbia,13-Nov-09,65237614,"3,444",Action Drama,2 hrs. 38 min.,PG-13,"$166,112,167 "
269,Captain America: The First Avenger,Paramount,22-Jul-11,65058524,"3,715",Action / Adventure,2 hrs. 5 min.,PG-13,"$176,654,505 "
145,War of the Worlds,Paramount,29-Jun-05,64878725,"3,910",Sci-Fi Horror,1 hrs. 57 min.,PG-13,"$234,280,354 "
85,The Twilight Saga: Eclipse,Summit Entertainment,30-Jun-10,64832191,"4,468",Romance,2 hrs. 4 min.,PG-13,"$300,531,751 "
16,Star Wars: Episode I - The Phantom Menace,Fox,19-May-99,64820970,"3,126",Sci-Fi Fantasy,2 hrs. 13 min.,PG,"$474,544,677 "
257,Madagascar: Escape 2 Africa,Paramount (DreamWorks),7-Nov-08,63106589,"4,065",Animation,1 hrs. 29 min.,PG,"$180,010,950 "
161,WALL-E,Buena Vista,27-Jun-08,63087526,"3,992",Animation,1 hrs. 37 min.,G,"$223,808,164 "
288,Pirates of the Caribbean: Dead Men Tell No Tales,Buena Vista,26-May-17,62983253,"4,276",Period Adventure,2 hrs. 9 min.,PG-13,"$172,558,876 "
90,Inception,Warner Bros.,16-Jul-10,62785337,"3,792",Sci-Fi Action,2 hrs. 28 min.,PG-13,"$292,576,195 "
156,Hancock,Sony / Columbia,2-Jul-08,62603879,"3,965",Fantasy Drama,1 hrs. 32 min.,PG-13,"$227,946,274 "
97,"Monsters, Inc.",Buena Vista,2-Nov-01,62577067,"3,649",Animation,1 hrs. 30 min.,G,"$289,916,256 "
193,Sherlock Holmes,Warner Bros.,25-Dec-09,62304277,"3,626",Adventure,2 hrs. 14 min.,PG-13,"$209,028,679 "
332,Fantastic Beasts: The Crimes of Grindelwald,Warner Bros.,16-Nov-18,62163104,"4,163",Fantasy,2 hrs. 14 min.,PG-13,"$159,555,901 "
462,Hulk,Universal,20-Jun-03,62128420,"3,674",Action / Adventure,2 hrs. 15 min.,PG-13,"$132,177,234 "
55,The Lord of the Rings: The Two Towers,New Line,18-Dec-02,62007528,"3,622",Fantasy,2 hrs. 59 min.,PG-13,"$342,551,365 "
111,The Amazing Spider-Man,Sony / Columbia,3-Jul-12,62004688,"4,318",Action / Adventure,2 hrs. 16 min.,PG-13,"$262,030,663 "
163,Mission: Impossible - Fallout,Paramount,27-Jul-18,61236534,"4,395",Action,2 hrs. 27 min.,PG-13,"$220,159,104 "
318,Clash of the Titans (2010),Warner Bros.,2-Apr-10,61235105,"3,802",Fantasy,1 hrs. 58 min.,PG-13,"$163,214,888 "
303,Kong: Skull Island,Warner Bros.,10-Mar-17,61025472,"3,846",Action / Adventure,1 hrs. 58 min.,PG-13,"$168,052,812 "
178,Madagascar 3: Europe's Most Wanted,Paramount (DreamWorks),8-Jun-12,60316738,"4,263",Animation,1 hrs. 33 min.,PG,"$216,391,482 "
179,Kung Fu Panda,Paramount (DreamWorks),6-Jun-08,60239130,"4,136",Animation,1 hrs. 31 min.,PG,"$215,434,591 "
327,Straight Outta Compton,Universal,14-Aug-15,60200180,"3,142",Drama,2 hrs. 27 min.,R,"$161,197,785 "
132,Cars,Buena Vista,9-Jun-06,60119509,"3,988",Animation,1 hrs. 56 min.,G,"$244,082,982 "
155,Signs,Buena Vista,2-Aug-02,60117080,"3,453",Sci-Fi Horror,1 hrs. 47 min.,PG-13,"$227,966,634 "
215,Monsters Vs. Aliens,Paramount (DreamWorks),27-Mar-09,59321095,"4,136",Animation,1 hrs. 34 min.,PG,"$198,351,526 "
335,Star Trek Beyond,Paramount,22-Jul-16,59253211,"3,928",Sci-Fi Adventure,2 hrs. 0 min.,PG-13,"$158,848,340 "
323,Jason Bourne,Universal,29-Jul-16,59215365,"4,039",Action,2 hrs. 3 min.,PG-13,"$162,434,410 "
214,Pearl Harbor,Buena Vista,25-May-01,59078912,"3,255",War,3 hrs. 3 min.,PG-13,"$198,542,554 "
465,Fantastic Four: Rise of the Silver Surfer,Fox,15-Jun-07,58051684,"3,963",Action / Adventure,1 hrs. 29 min.,PG,"$131,921,738 "
313,Hannibal,MGM,9-Feb-01,58003121,"3,292",Thriller,2 hrs. 11 min.,R,"$165,092,268 "
180,Mission: Impossible II,Paramount,24-May-00,57845297,"3,669",Action,2 hrs. 3 min.,PG-13,"$215,409,889 "
255,Ant-Man,Buena Vista,17-Jul-15,57225526,"3,868",Action / Adventure,1 hrs. 57 min.,PG-13,"$180,202,163 "
224,22 Jump Street,Sony / Columbia,13-Jun-14,57071445,"3,426",Action Comedy,1 hrs. 52 min.,R,"$191,719,337 "
360,Sex and the City,Warner Bros. (New Line),30-May-08,57038404,"3,325",Romantic Comedy,2 hrs. 15 min.,R,"$152,647,258 "
294,John Wick: Chapter 3 - Parabellum,Lionsgate/Summit,17-May-19,56818067,"3,850",Action,2 hrs. 10 min.,R,"$171,015,687 "
128,Moana,Buena Vista,23-Nov-16,56631401,"3,875",Animation,1 hrs. 43 min.,PG,"$248,757,044 "
123,Despicable Me,Universal,9-Jul-10,56397125,"3,602",Animation,1 hrs. 35 min.,PG,"$251,513,985 "
381,War for the Planet of the Apes,Fox,14-Jul-17,56262929,"4,100",Sci-Fi Action,2 hrs. 20 min.,PG-13,"$146,880,162 "
208,Ralph Breaks the Internet,Buena Vista,21-Nov-18,56237634,"4,017",Animation,1 hrs. 52 min.,PG,"$201,091,711 "
347,Snow White and the Huntsman,Universal,1-Jun-12,56217700,"3,777",Adventure,2 hrs. 7 min.,PG-13,"$155,332,381 "
162,Big Hero 6,Buena Vista,7-Nov-14,56215889,"3,773",Animation,1 hrs. 48 min.,PG,"$222,527,828 "
197,Charlie and the Chocolate Factory,Warner Bros.,15-Jul-05,56178450,"3,790",Family Adventure,1 hrs. 46 min.,PG,"$206,459,076 "
351,Fantastic Four (2005),Fox,8-Jul-05,56061504,"3,619",Action / Adventure,2 hrs. 3 min.,PG-13,"$154,696,080 "
104,Gravity,Warner Bros.,4-Oct-13,55785112,"3,820",Sci-Fi Thriller,1 hrs. 31 min.,PG-13,"$274,092,705 "
270,The Karate Kid,Sony / Columbia,11-Jun-10,55665805,"3,740",Action Drama,2 hrs. 20 min.,PG,"$176,591,618 "
220,Mission: Impossible - Rogue Nation,Paramount,31-Jul-15,55520089,"3,988",Action,2 hrs. 10 min.,PG-13,"$195,042,377 "
447,The Incredible Hulk,Universal,13-Jun-08,55414050,"3,508",Action / Adventure,1 hrs. 54 min.,PG-13,"$134,806,913 "
319,The SpongeBob Movie: Sponge Out of Water,Paramount,6-Feb-15,55365012,"3,680",Animation,1 hrs. 33 min.,PG,"$162,994,032 "
382,X-Men: First Class,Fox,3-Jun-11,55101604,"3,692",Action / Adventure,2 hrs. 11 min.,PG-13,"$146,408,305 "
113,How the Grinch Stole Christmas,Universal,17-Nov-00,55082330,"3,256",Family Comedy,1 hrs. 44 min.,PG,"$260,044,825 "
405,The Chronicles of Narnia: Prince Caspian,Buena Vista,16-May-08,55034805,"3,929",Fantasy,2 hrs. 20 min.,PG,"$141,621,490 "
330,How to Train Your Dragon: The Hidden World,Universal,22-Feb-19,55022245,"4,286",Animation,1 hrs. 44 min.,PG,"$160,799,505 "
200,Austin Powers: The Spy Who Shagged Me,New Line,11-Jun-99,54917604,"3,314",Comedy,1 hrs. 35 min.,PG-13,"$206,040,086 "
268,Rise of the Planet of the Apes,Fox,5-Aug-11,54806191,"3,691",Sci-Fi Action,1 hrs. 50 min.,PG-13,"$176,760,185 "
121,The Hobbit: The Battle of the Five Armies,Warner Bros. (New Line),17-Dec-14,54724334,"3,875",Fantasy,2 hrs. 24 min.,PG-13,"$255,119,788 "
368,G.I. Joe: The Rise of Cobra,Paramount,7-Aug-09,54713046,"4,007",Action,1 hrs. 58 min.,PG-13,"$150,201,498 "
363,Divergent,Lionsgate/Summit,21-Mar-14,54607747,"3,936",Action / Adventure,2 hrs. 23 min.,PG-13,"$150,947,895 "
262,MIB 3,Sony / Columbia,25-May-12,54592779,"4,248",Sci-Fi Comedy,1 hrs. 46 min.,PG-13,"$179,020,854 "
348,San Andreas,Warner Bros. (New Line),29-May-15,54588173,"3,812",Action,1 hrs. 54 min.,PG-13,"$155,190,832 "
339,X-Men,Fox,14-Jul-00,54471475,"3,112",Action / Adventure,1 hrs. 44 min.,PG-13,"$157,299,717 "
168,Ted,Universal,29-Jun-12,54415205,"3,303",Comedy,1 hrs. 46 min.,R,"$218,815,487 "
397,Pokemon Detective Pikachu,Warner Bros.,10-May-19,54365242,"4,248",Family,1 hrs. 40 min.,PG,"$144,105,346 "
154,The Martian,Fox,2-Oct-15,54308575,"3,854",Sci-Fi,2 hrs. 21 min.,PG-13,"$228,433,663 "
265,Night at the Museum: Battle of the Smithsonian,Fox,22-May-09,54173286,"4,101",Family Adventure,1 hrs. 45 min.,PG,"$177,243,721 "
357,Scooby-Doo,Warner Bros.,14-Jun-02,54155312,"3,447",Family Adventure,1 hrs. 26 min.,PG,"$153,294,164 "
359,Cars 3,Buena Vista,16-Jun-17,53688680,"4,256",Animation,1 hrs. 42 min.,G,"$152,901,115 "
413,Shazam!,Warner Bros. (New Line),5-Apr-19,53505326,"4,306",Action,2 hrs. 12 min.,PG-13,"$140,371,656 "
459,The Wolverine,Fox,26-Jul-13,53113752,"3,924",Action,2 hrs. 6 min.,PG-13,"$132,556,852 "
275,The LEGO Batman Movie,Warner Bros.,10-Feb-17,53003468,"4,088",Animation,1 hrs. 44 min.,PG,"$175,750,384 "
243,Batman Forever,Warner Bros.,16-Jun-95,52784433,"2,893",Action / Adventure,2 hrs. 2 min.,PG-13,"$184,069,126 "
212,Superman Returns,Warner Bros.,28-Jun-06,52535096,"4,065",Action / Adventure,2 hrs. 34 min.,PG-13,"$200,081,192 "
273,The Bourne Supremacy,Universal,23-Jul-04,52521865,"3,304",Action Thriller,1 hrs. 48 min.,PG-13,"$176,241,941 "
474,The Divergent Series: Insurgent,Lionsgate/Summit,20-Mar-15,52263680,"3,875",Action / Adventure,1 hrs. 59 min.,PG-13,"$130,179,072 "
392,"I, Robot",Fox,16-Jul-04,52179887,"3,494",Sci-Fi Thriller,1 hrs. 45 min.,PG-13,"$144,801,023 "
227,Men in Black II,Sony / Columbia,3-Jul-02,52148751,"3,641",Sci-Fi Comedy,1 hrs. 28 min.,PG-13,"$190,418,803 "
264,Home (2015),Fox,27-Mar-15,52107731,"3,801",Animation,1 hrs. 34 min.,PG,"$177,397,510 "
545,Van Helsing,Universal,7-May-04,51748040,"3,580",Period Horror,2 hrs. 10 min.,PG-13,"$120,177,084 "
126,Men in Black,Sony / Columbia,2-Jul-97,51068455,"3,180",Sci-Fi Comedy,1 hrs. 37 min.,PG-13,"$250,690,539 "
177,Bohemian Rhapsody,Fox,2-Nov-18,51061119,"4,000",Drama,2 hrs. 14 min.,PG-13,"$216,428,042 "
507,Prometheus,Fox,8-Jun-12,51050101,"3,442",Sci-Fi Action,2 hrs. 4 min.,R,"$126,477,084 "
449,Wanted,Universal,27-Jun-08,50927085,"3,185",Action / Adventure,1 hrs. 48 min.,R,"$134,508,551 "
190,Coco,Buena Vista,22-Nov-17,50802605,"3,987",Animation,1 hrs. 49 min.,PG,"$209,726,015 "
252,Jurassic Park III,Universal,18-Jul-01,50771645,"3,462",Sci-Fi Horror,1 hrs. 32 min.,PG-13,"$181,171,875 "
230,Dunkirk,Warner Bros.,21-Jul-17,50513488,"4,014",War,1 hrs. 46 min.,PG-13,"$189,740,665 "
498,2 Fast 2 Furious,Universal,6-Jun-03,50472480,"3,418",Action,1 hrs. 41 min.,PG-13,"$127,154,901 "
239,Mr. & Mrs. Smith,Fox,10-Jun-05,50342878,"3,451",Action Comedy,1 hrs. 55 min.,PG-13,"$186,336,279 "
80,Independence Day,Fox,3-Jul-96,50228264,"2,977",Sci-Fi Action,2 hrs. 33 min.,PG-13,"$306,169,268 "
232,A Quiet Place,Paramount,6-Apr-18,50203562,"3,808",Horror Thriller,1 hrs. 35 min.,PG-13,"$188,024,361 "
277,The Boss Baby,Fox,31-Mar-17,50198902,"3,829",Animation,1 hrs. 37 min.,PG,"$175,003,033 "
169,King Kong,Universal,14-Dec-05,50130145,"3,627",Period Adventure,3 hrs. 7 min.,PG-13,"$218,080,025 "
390,The Great Gatsby (2013),Warner Bros.,10-May-13,50085185,"3,550",Drama,2 hrs. 23 min.,PG-13,"$144,840,419 "
443,Close Encounters of the Third Kind,Columbia,16-Nov-77,50 theaters,#VALUE!,Sci-Fi,2 hrs. 17 min.,PG,"$135,189,114 "
418,Taken 2,Fox,5-Oct-12,49514769,"3,706",Action,1 hrs. 31 min.,PG-13,"$139,854,287 "
267,How to Train Your Dragon 2,Fox,13-Jun-14,49451322,"4,268",Animation,1 hrs. 45 min.,PG,"$177,002,924 "
415,Rush Hour 3,New Line,10-Aug-07,49100158,"3,778",Action Comedy,1 hrs. 30 min.,PG-13,"$140,125,968 "
231,Wreck-It Ralph,Buena Vista,2-Nov-12,49038712,"3,752",Animation,1 hrs. 48 min.,PG,"$189,422,889 "
369,Neighbors,Universal,9-May-14,49033915,"3,311",Comedy,1 hrs. 36 min.,R,"$150,157,400 "
165,Alvin and the Chipmunks: The Squeakquel,Fox,23-Dec-09,48875415,"3,747",Family Comedy,1 hrs. 28 min.,PG,"$219,614,612 "
210,Tangled,Buena Vista,24-Nov-10,48767052,"3,603",Animation,1 hrs. 40 min.,PG,"$200,821,936 "
196,Batman Begins,Warner Bros.,15-Jun-05,48745440,"3,858",Action / Adventure,2 hrs. 20 min.,PG-13,"$206,852,432 "
421,The Matrix Revolutions,Warner Bros.,5-Nov-03,48475154,"3,502",Sci-Fi Action,2 hrs. 15 min.,R,"$139,313,948 "
298,Hotel Transylvania 2,Sony / Columbia,25-Sep-15,48464322,"3,768",Animation,1 hrs. 29 min.,PG,"$169,700,110 "
521,The Fault in our Stars,Fox,6-Jun-14,48002523,"3,340",Drama,2 hrs. 5 min.,PG-13,"$124,872,350 "
453,Mission: Impossible III,Paramount,5-May-06,47743273,"4,059",Action,2 hrs. 6 min.,PG-13,"$134,029,801 "
468,Lara Croft: Tomb Raider,Paramount,15-Jun-01,47735743,"3,349",Action / Adventure,1 hrs. 40 min.,PG-13,"$131,168,070 "
312,Kung Fu Panda 2,Paramount (DreamWorks),26-May-11,47656302,"3,952",Animation,1 hrs. 31 min.,PG,"$165,249,063 "
338,The Longest Yard,Paramount,27-May-05,47606480,"3,654",Sports Comedy,1 hrs. 49 min.,PG-13,"$158,119,460 "
329,Shark Tale,DreamWorks,1-Oct-04,47604606,"4,070",Animation,1 hrs. 30 min.,PG,"$160,861,908 "
233,Interstellar,Paramount,5-Nov-14,47510360,"3,561",Sci-Fi Adventure,2 hrs. 49 min.,PG-13,"$188,020,017 "
221,Madagascar,DreamWorks,27-May-05,47224594,"4,142",Animation,1 hrs. 26 min.,PG,"$193,595,521 "
74,The Lord of the Rings: The Fellowship of the Ring,New Line,19-Dec-01,47211490,"3,381",Fantasy,2 hrs. 58 min.,PG-13,"$315,544,750 "
328,Die Another Day,MGM,22-Nov-02,47072040,"3,377",Action,2 hrs. 3 min.,PG-13,"$160,942,139 "
378,Talladega Nights: The Ballad of Ricky Bobby,Sony / Columbia,4-Aug-06,47042215,"3,807",Sports Comedy,1 hrs. 50 min.,PG-13,"$148,213,377 "
198,Ratatouille,Buena Vista,29-Jun-07,47027395,"3,940",Animation,1 hrs. 51 min.,G,"$206,445,654 "
35,Jurassic Park,Universal,11-Jun-93,47026828,"2,566",Sci-Fi Horror,2 hrs. 7 min.,PG-13,"$402,828,120 "
455,Troy,Warner Bros.,14-May-04,46865412,"3,411",Historical Epic,2 hrs. 43 min.,R,"$133,378,256 "
337,The Secret Life of Pets 2,Universal,7-Jun-19,46652680,"4,564",Animation,1 hrs. 26 min.,PG,"$158,257,265 "
81,Pirates of the Caribbean: The Curse of the Black Pearl,Buena Vista,9-Jul-03,46630690,"3,416",Period Adventure,2 hrs. 15 min.,PG-13,"$305,413,918 "
326,Ice Age: Continental Drift,Fox,13-Jul-12,46629259,"3,886",Animation,1 hrs. 34 min.,PG,"$161,321,843 "
355,Trolls,Fox,4-Nov-16,46581142,"4,066",Animation,1 hrs. 34 min.,PG,"$153,707,064 "
425,Bad Boys II,Sony / Columbia,18-Jul-03,46522560,"3,202",Action Comedy,2 hrs. 27 min.,R,"$138,608,444 "
272,Ice Age,Fox,15-Mar-02,46312454,"3,345",Animation,1 hrs. 21 min.,PG,"$176,387,405 "
456,Angels & Demons,Sony / Columbia,15-May-09,46204168,"3,527",Thriller,2 hrs. 20 min.,PG-13,"$133,375,846 "
102,Meet the Fockers,Universal,22-Dec-04,46120980,"3,554",Comedy,1 hrs. 54 min.,PG-13,"$279,261,160 "
483,Ghostbusters (2016),Sony / Columbia,15-Jul-16,46018755,"3,963",Horror Comedy,1 hrs. 48 min.,PG-13,"$128,350,574 "
376,Megamind,Paramount (DreamWorks),5-Nov-10,46016833,"3,949",Animation,1 hrs. 36 min.,PG,"$148,415,853 "
320,Batman Returns,Warner Bros.,19-Jun-92,45687711,"2,644",Action / Adventure,2 hrs. 6 min.,PG-13,"$162,902,340 "
254,Mission: Impossible,Paramount,22-May-96,45436830,"3,012",Action,1 hrs. 50 min.,PG-13,"$180,981,856 "
353,Mad Max: Fury Road,Warner Bros.,15-May-15,45428128,"3,722",Sci-Fi Action,2 hrs. 0 min.,R,"$154,058,340 "
386,The Meg,Warner Bros.,10-Aug-18,45402195,"4,118",Sci-Fi Thriller,1 hrs. 53 min.,PG-13,"$145,443,742 "
387,American Pie 2,Universal,10-Aug-01,45117985,"3,157",Comedy,1 hrs. 44 min.,R,"$145,103,595 "
352,Dr. Seuss' Horton Hears a Who!,Fox,14-Mar-08,45012998,"3,961",Animation,1 hrs. 28 min.,G,"$154,529,439 "
103,The Hangover,Warner Bros.,5-Jun-09,44979319,"3,545",Comedy,1 hrs. 36 min.,R,"$277,322,503 "
164,National Treasure: Book of Secrets,Buena Vista,21-Dec-07,44783772,"3,832",Adventure,2 hrs. 4 min.,PG,"$219,964,115 "
476,Transformers: The Last Knight,Paramount,21-Jun-17,44680073,"4,132",Sci-Fi Action,2 hrs. 29 min.,PG-13,"$130,168,683 "
403,XXX,Sony (Revolution),9-Aug-02,44506103,"3,536",Action,1 hrs. 53 min.,PG-13,"$142,109,382 "
174,Alvin and the Chipmunks,Fox,14-Dec-07,44307417,"3,499",Family Comedy,1 hrs. 32 min.,PG,"$217,326,974 "
475,The Peanuts Movie,Fox,6-Nov-15,44213073,"3,902",Animation,1 hrs. 33 min.,G,"$130,178,411 "
306,Hotel Transylvania 3: Summer Vacation,Sony / Columbia,13-Jul-18,44076225,"4,267",Animation,1 hrs. 37 min.,PG,"$167,510,016 "
437,Godzilla,Sony / Columbia,20-May-98,44047541,"3,310",Sci-Fi Action,2 hrs. 20 min.,PG-13,"$136,314,294 "
366,Terminator 3: Rise of the Machines,Warner Bros.,2-Jul-03,44041440,"3,504",Sci-Fi Action,1 hrs. 49 min.,R,"$150,371,112 "
289,Tron Legacy,Buena Vista,17-Dec-10,44026211,"3,451",Sci-Fi Action,2 hrs. 5 min.,PG,"$172,062,763 "
504,Lucy,Universal,25-Jul-14,43899340,"3,202",Sci-Fi Action,1 hrs. 30 min.,R,"$126,663,600 "
171,How to Train Your Dragon,Paramount (DreamWorks),26-Mar-10,43732319,"4,060",Animation,1 hrs. 38 min.,PG,"$217,581,231 "
236,The Croods,Fox,22-Mar-13,43639736,"4,065",Animation,1 hrs. 38 min.,PG,"$187,168,425 "
477,American Gangster,Universal,2-Nov-07,43565135,"3,110",Crime Drama,2 hrs. 40 min.,R,"$130,164,645 "
346,The Mummy,Universal,7-May-99,43369635,"3,411",Period Adventure,2 hrs. 4 min.,PG-13,"$155,385,488 "
261,Hitch,Sony / Columbia,11-Feb-05,43142214,"3,575",Romantic Comedy,1 hrs. 55 min.,PG-13,"$179,495,555 "
181,A Star is Born (2018),Warner Bros.,5-Oct-18,42908051,"3,904",Music Drama,2 hrs. 16 min.,R,"$215,288,866 "
513,Terminator Salvation,Warner Bros.,21-May-09,42558390,"3,602",Sci-Fi Action,1 hrs. 54 min.,PG-13,"$125,322,469 "
377,Hotel Transylvania,Sony / Columbia,28-Sep-12,42522194,"3,375",Animation,1 hrs. 31 min.,PG,"$148,313,048 "
530,The Nutty Professor II: The Klumps,Universal,28-Jul-00,42518830,"3,251",Comedy,1 hrs. 46 min.,PG-13,"$123,309,890 "
108,Shrek,DreamWorks,16-May-01,42347760,"3,715",Animation,1 hrs. 30 min.,PG,"$267,665,011 "
340,Scary Movie,Miramax,7-Jul-00,42346669,"3,301",Horror Comedy,1 hrs. 28 min.,R,"$157,019,771 "
440,Anger Management,Sony (Revolution),11-Apr-03,42220847,"3,656",Comedy,1 hrs. 41 min.,PG-13,"$135,645,823 "
433,The Conjuring,Warner Bros. (New Line),19-Jul-13,41855326,"3,115",Horror,1 hrs. 52 min.,R,"$137,400,141 "
432,Ready Player One,Warner Bros.,29-Mar-18,41764050,"4,234",Sci-Fi Action,2 hrs. 20 min.,PG-13,"$137,690,172 "
218,Ice Age: Dawn of the Dinosaurs,Fox,1-Jul-09,41690382,"4,102",Animation,1 hrs. 27 min.,PG,"$196,573,705 "
414,Ocean's 8,Warner Bros.,8-Jun-18,41607378,"4,145",Action / Adventure,1 hrs. 50 min.,PG-13,"$140,218,711 "
317,Big Daddy,Sony / Columbia,25-Jun-99,41536370,"3,254",Comedy,1 hrs. 33 min.,PG-13,"$163,479,795 "
216,Happy Feet,Warner Bros.,17-Nov-06,41533432,"3,804",Animation,1 hrs. 48 min.,PG,"$198,000,317 "
446,Ride Along,Universal,17-Jan-14,41516170,"2,867",Comedy,1 hrs. 40 min.,PG-13,"$134,938,200 "
454,Grown Ups 2,Sony / Columbia,12-Jul-13,41508572,"3,491",Comedy,1 hrs. 41 min.,PG-13,"$133,668,525 "
249,The Perfect Storm,Warner Bros.,30-Jun-00,41325042,"3,407",Action Drama,2 hrs. 9 min.,PG-13,"$182,618,434 "
399,Kung Fu Panda 3,Fox,29-Jan-16,41282042,"3,987",Animation,1 hrs. 35 min.,PG,"$143,528,619 "
519,The Vow,Sony / Screen Gems,10-Feb-12,41202458,"3,038",Drama,1 hrs. 44 min.,PG-13,"$125,014,030 "
412,Deep Impact,Paramount,8-May-98,41152375,"3,280",Action Drama,2 hrs. 0 min.,PG-13,"$140,464,664 "
488,Shutter Island,Paramount,19-Feb-10,41062440,"3,356",Period Drama,2 hrs. 18 min.,R,"$128,012,934 "
135,Twister,Warner Bros.,10-May-96,41059405,"2,808",Action Drama,1 hrs. 53 min.,PG-13,"$241,721,524 "
307,Casino Royale,Sony / Columbia,17-Nov-06,40833156,"3,443",Action,2 hrs. 24 min.,PG-13,"$167,445,960 "
324,Grown Ups,Sony / Columbia,25-Jun-10,40506562,"3,534",Comedy,1 hrs. 42 min.,PG-13,"$162,001,186 "
532,G.I. Joe: Retaliation,Paramount,28-Mar-13,40501814,"3,734",Action,1 hrs. 39 min.,PG-13,"$122,523,060 "
124,Batman,Warner Bros.,23-Jun-89,40489746,"2,201",Action / Adventure,2 hrs. 6 min.,PG-13,"$251,348,343 "
466,The Last Airbender,Paramount,1-Jul-10,40325019,"3,203",Fantasy,1 hrs. 43 min.,PG,"$131,772,187 "
508,Safe House,Universal,10-Feb-12,40172720,"3,121",Action Thriller,1 hrs. 57 min.,R,"$126,373,434 "
514,Charlie's Angels,Sony / Columbia,3-Nov-00,40128550,"3,037",Action Comedy,1 hrs. 38 min.,PG-13,"$125,305,545 "
394,The Fast and the Furious,Universal,22-Jun-01,40089015,"2,899",Action,1 hrs. 46 min.,PG-13,"$144,533,925 "
441,Chicken Little,Buena Vista,4-Nov-05,40049778,"3,658",Animation,1 hrs. 21 min.,G,"$135,386,665 "
434,Click,Sony (Revolution),23-Jun-06,40011365,"3,764",Fantasy Comedy,1 hrs. 37 min.,PG-13,"$137,355,633 "
429,Split,Universal,20-Jan-17,40010975,"3,373",Horror Thriller,1 hrs. 57 min.,PG-13,"$138,291,365 "
540,50 First Dates,Sony / Columbia,13-Feb-04,39852237,"3,612",Romantic Comedy,1 hrs. 36 min.,PG-13,"$120,908,074 "
302,Wild Hogs,Buena Vista,2-Mar-07,39699023,"3,401",Comedy,1 hrs. 39 min.,PG-13,"$168,273,550 "
237,Sherlock Holmes: A Game of Shadows,Warner Bros.,16-Dec-11,39637079,"3,703",Adventure,2 hrs. 8 min.,PG-13,"$186,848,418 "
325,The Waterboy,Buena Vista,6-Nov-98,39414071,"2,782",Sports Comedy,1 hrs. 30 min.,PG-13,"$161,491,646 "
467,Rio 2,Fox,11-Apr-14,39327869,"3,975",Animation,1 hrs. 41 min.,G,"$131,538,435 "
398,Rio,Fox,15-Apr-11,39225962,"3,842",Animation,1 hrs. 36 min.,G,"$143,619,809 "
531,The Good Dinosaur,Buena Vista,25-Nov-15,39155217,"3,749",Animation,1 hrs. 40 min.,PG,"$123,087,120 "
512,Ocean's Twelve,Warner Bros.,10-Dec-04,39153380,"3,290",Crime Comedy,2 hrs. 4 min.,PG-13,"$125,544,280 "
331,The Heat,Fox,28-Jun-13,39115043,"3,184",Comedy,1 hrs. 57 min.,R,"$159,582,188 "
431,Dinosaur,Buena Vista,19-May-00,38854851,"3,319",Animation,1 hrs. 22 min.,PG,"$137,748,063 "
367,Daddy's Home,Paramount,25-Dec-15,38740203,"3,483",Comedy,1 hrs. 36 min.,PG-13,"$150,357,137 "
473,Get Smart,Warner Bros.,20-Jun-08,38683480,"3,915",Action Comedy,1 hrs. 50 min.,PG-13,"$130,319,208 "
505,The Legend of Tarzan,Warner Bros.,1-Jul-16,38527856,"3,591",Action / Adventure,1 hrs. 49 min.,PG-13,"$126,643,061 "
350,Over the Hedge,Paramount (DreamWorks),19-May-06,38457003,"4,093",Animation,1 hrs. 27 min.,PG,"$155,019,340 "
246,Ocean's Eleven,Warner Bros.,7-Dec-01,38107822,"3,075",Crime Comedy,1 hrs. 56 min.,PG-13,"$183,417,150 "
529,Rango,Paramount,4-Mar-11,38079323,"3,923",Animation,1 hrs. 47 min.,PG,"$123,477,607 "
543,Inglourious Basterds,Weinstein Company,21-Aug-09,38054676,"3,358",War,2 hrs. 32 min.,R,"$120,540,719 "
506,Bee Movie,Paramount (DreamWorks),2-Nov-07,38021044,"3,984",Animation,1 hrs. 30 min.,PG,"$126,631,277 "
305,Gone Girl,Fox,3-Oct-14,37513109,"3,284",Thriller,2 hrs. 25 min.,R,"$167,767,189 "
509,Mr. Deeds,Sony / Columbia,28-Jun-02,37162787,"3,239",Comedy,1 hrs. 31 min.,PG-13,"$126,293,452 "
286,Air Force One,Sony / Columbia,25-Jul-97,37132505,"2,981",Action Thriller,2 hrs. 4 min.,R,"$172,956,409 "
401,Marley and Me,Fox,25-Dec-08,36357586,"3,505",Comedy,2 hrs. 0 min.,PG,"$143,153,751 "
427,21 Jump Street,Sony / Columbia,16-Mar-12,36302612,"3,148",Action Comedy,1 hrs. 49 min.,R,"$138,447,667 "
484,Kingsman: The Secret Service,Fox,13-Feb-15,36206331,"3,282",Action / Adventure,2 hrs. 9 min.,R,"$128,261,724 "
33,Jumanji: Welcome to the Jungle,Sony / Columbia,20-Dec-17,36169328,"3,849",Action,1 hrs. 59 min.,PG-13,"$404,564,861 "
206,Armageddon,Buena Vista,1-Jul-98,36089972,"3,184",Sci-Fi Action,2 hrs. 24 min.,PG-13,"$201,578,182 "
485,Robots,Fox,11-Mar-05,36045301,"3,776",Animation,1 hrs. 30 min.,PG,"$128,200,012 "
2,Avengers: Endgame,Buena Vista,26-Apr-19,357115007,"4,662",Action / Adventure,3 hrs. 1 min.,PG-13,"$858,373,000 "
464,Minority Report,Fox,21-Jun-02,35677125,"3,001",Sci-Fi Thriller,2 hrs. 24 min.,PG-13,"$132,072,926 "
495,Sweet Home Alabama,Buena Vista,27-Sep-02,35648740,"3,313",Romantic Comedy,1 hrs. 42 min.,PG-13,"$127,223,418 "
402,The Smurfs,Sony / Columbia,29-Jul-11,35611637,"3,427",Family Comedy,1 hrs. 26 min.,PG,"$142,614,158 "
493,Central Intelligence,Warner Bros. (New Line),17-Jun-16,35535250,"3,508",Comedy,1 hrs. 47 min.,PG-13,"$127,440,871 "
501,The World Is Not Enough,MGM,19-Nov-99,35519007,"3,163",Action,2 hrs. 8 min.,PG-13,"$126,943,684 "
500,Super 8,Paramount,10-Jun-11,35451168,"3,424",Sci-Fi,1 hrs. 52 min.,PG-13,"$127,004,179 "
228,Spider-Man: Into The Spider-Verse,Sony / Columbia,14-Dec-18,35363376,"3,813",Animation,1 hrs. 57 min.,PG,"$190,241,310 "
385,Lilo & Stitch,Buena Vista,21-Jun-02,35260212,"3,222",Animation,1 hrs. 25 min.,PG,"$145,794,338 "
106,Sing,Universal,21-Dec-16,35258145,"4,029",Animation,1 hrs. 50 min.,PG,"$270,395,425 "
285,National Treasure,Buena Vista,19-Nov-04,35142554,"3,243",Adventure,2 hrs. 11 min.,PG,"$173,008,894 "
361,Runaway Bride,Paramount,30-Jul-99,35055556,"3,240",Romantic Comedy,1 hrs. 56 min.,PG,"$152,257,509 "
517,Sully,Warner Bros.,9-Sep-16,35028301,"3,955",Drama,1 hrs. 36 min.,PG-13,"$125,070,033 "
541,Mamma Mia! Here We Go Again,Universal,20-Jul-18,34952180,"3,514",Musical,1 hrs. 54 min.,PG-13,"$120,634,935 "
234,Gladiator,DreamWorks,5-May-00,34819017,"3,188",Historical Epic,2 hrs. 35 min.,R,"$187,705,427 "
450,Identity Thief,Universal,8-Feb-13,34551025,"3,230",Comedy,1 hrs. 51 min.,R,"$134,506,920 "
491,Enchanted,Buena Vista,21-Nov-07,34440317,"3,730",Family Adventure,1 hrs. 47 min.,PG,"$127,807,262 "
547,I Now Pronounce You Chuck and Larry,Universal,20-Jul-07,34233750,"3,501",Comedy,1 hrs. 50 min.,PG-13,"$120,059,556 "
293,Tarzan,Buena Vista,16-Jun-99,34221968,"3,131",Animation,1 hrs. 28 min.,G,"$171,091,819 "
436,Ransom,Buena Vista,8-Nov-96,34216088,"2,768",Thriller,2 hrs. 1 min.,R,"$136,492,681 "
120,The Blind Side,Warner Bros.,20-Nov-09,34119372,"3,407",Sports Drama,2 hrs. 6 min.,PG-13,"$255,959,475 "
371,Puss in Boots,Paramount (DreamWorks),28-Oct-11,34077439,"3,963",Animation,1 hrs. 30 min.,PG,"$149,260,504 "
472,Lethal Weapon 4,Warner Bros.,10-Jul-98,34048124,"3,117",Action Comedy,2 hrs. 7 min.,R,"$130,444,603 "
549,Cloudy with a Chance of Meatballs 2,Sony / Columbia,27-Sep-13,34017930,"4,001",Animation,1 hrs. 35 min.,PG,"$119,793,567 "
192,Wedding Crashers,New Line,15-Jul-05,33900720,"3,131",Comedy,1 hrs. 53 min.,R,"$209,255,921 "
315,The Proposal,Buena Vista,19-Jun-09,33627598,"3,158",Romantic Comedy,1 hrs. 48 min.,PG-13,"$163,958,031 "
248,What Women Want,Paramount,15-Dec-00,33614543,"3,092",Fantasy Comedy,2 hrs. 7 min.,PG-13,"$182,811,707 "
438,101 Dalmatians (1996),Buena Vista,27-Nov-96,33504025,"2,901",Family Comedy,1 hrs. 43 min.,G,"$136,189,294 "
274,Get Out,Universal,24-Feb-17,33377060,"3,143",Horror,1 hrs. 43 min.,R,"$176,040,665 "
448,Live Free or Die Hard,Fox,27-Jun-07,33369559,"3,411",Action,2 hrs. 10 min.,PG-13,"$134,529,403 "
393,Lethal Weapon 3,Warner Bros.,15-May-92,33243086,"2,568",Action Comedy,1 hrs. 58 min.,R,"$144,731,527 "
538,Superbad,Sony / Columbia,17-Aug-07,33052411,"3,069",Comedy,1 hrs. 54 min.,R,"$121,463,226 "
410,Rush Hour,New Line,18-Sep-98,33001803,"2,724",Action Comedy,1 hrs. 37 min.,PG-13,"$141,186,864 "
383,Paul Blart: Mall Cop,Sony / Columbia,16-Jan-09,31832636,"3,206",Comedy,1 hrs. 27 min.,PG,"$146,336,178 "
201,Terminator 2: Judgment Day,TriStar,3-Jul-91,31765506,"2,495",Sci-Fi Action,2 hrs. 17 min.,R,"$205,881,154 "
510,The Truman Show,Paramount,5-Jun-98,31542121,"2,911",Comedy / Drama,1 hrs. 43 min.,PG,"$125,618,201 "
251,Liar Liar,Universal,21-Mar-97,31423025,"2,909",Fantasy Comedy,1 hrs. 26 min.,PG-13,"$181,410,615 "
283,Home Alone 2: Lost in New York,Fox,20-Nov-92,31126882,"2,461",Family Comedy,2 hrs. 0 min.,PG,"$173,585,516 "
281,Elf,New Line,7-Nov-03,31113501,"3,381",Comedy,1 hrs. 35 min.,PG,"$173,840,591 "
458,Bringing Down the House,Buena Vista,7-Mar-03,31101026,"2,910",Comedy,1 hrs. 45 min.,PG-13,"$132,716,677 "
546,Four Christmases,Warner Bros. (New Line),26-Nov-08,31069826,"3,540",Comedy,1 hrs. 22 min.,PG-13,"$120,146,040 "
489,Into the Woods,Buena Vista,25-Dec-14,31051923,"2,833",Musical,2 hrs. 4 min.,PG,"$128,002,372 "
375,Little Fockers,Universal,22-Dec-10,30833665,"3,675",Comedy,1 hrs. 38 min.,PG-13,"$148,438,600 "
373,Knocked Up,Universal,1-Jun-07,30690990,"2,975",Romantic Comedy,2 hrs. 9 min.,R,"$148,768,917 "
175,Saving Private Ryan,DreamWorks,24-Jul-98,30576104,"2,807",War,2 hrs. 50 min.,R,"$217,049,603 "
125,Night at the Museum,Fox,22-Dec-06,30433781,"3,768",Family Adventure,1 hrs. 48 min.,PG,"$250,863,268 "
522,Cloudy with a Chance of Meatballs,Sony / Columbia,18-Sep-09,30304648,"3,119",Animation,1 hrs. 21 min.,PG,"$124,870,275 "
445,The Godfather,Paramount,15-Mar-72,302393,#VALUE!,Crime Drama,2 hrs. 55 min.,R,"$134,966,411 "
321,Django Unchained,Weinstein Company,25-Dec-12,30122888,"3,012",Western,2 hrs. 45 min.,R,"$162,805,434 "
314,Catch Me If You Can,DreamWorks,25-Dec-02,30053627,"3,225",Comedy / Drama,2 hrs. 20 min.,PG-13,"$164,615,351 "
430,A Christmas Carol (2009),Buena Vista,6-Nov-09,30051075,"3,683",Animation,1 hrs. 36 min.,PG,"$137,855,863 "
344,What Lies Beneath,DreamWorks,21-Jul-00,29702959,"2,925",Horror,2 hrs. 10 min.,PG-13,"$155,464,351 "
471,The Flintstones,Universal,27-May-94,29688730,"2,594",Family Comedy,1 hrs. 31 min.,PG,"$130,531,208 "
217,Indiana Jones and the Last Crusade,Paramount,24-May-89,29355021,"2,327",Period Adventure,2 hrs. 7 min.,PG-13,"$197,171,806 "
223,Toy Story,Buena Vista,22-Nov-95,29140617,"2,574",Animation,1 hrs. 21 min.,G,"$191,796,233 "
396,Doctor Dolittle,Fox,26-Jun-98,29014324,"2,871",Family Comedy,1 hrs. 25 min.,PG-13,"$144,156,605 "
422,The Santa Clause 2,Buena Vista,1-Nov-02,29008696,"3,352",Family Comedy,1 hrs. 45 min.,G,"$139,236,327 "
148,Cast Away,Fox,22-Dec-00,28883406,"3,061",Drama,2 hrs. 23 min.,PG-13,"$233,632,142 "
6,Titanic,Paramount,19-Dec-97,28638131,"3,265",Romance,3 hrs. 14 min.,PG-13,"$659,363,944 "
308,Meet the Parents,Universal,6-Oct-00,28623300,"2,697",Comedy,1 hrs. 48 min.,PG-13,"$166,244,045 "
511,Erin Brockovich,Universal,17-Mar-00,28138465,"3,070",Drama,2 hrs. 10 min.,R,"$125,595,205 "
291,The Matrix,Warner Bros.,31-Mar-99,27788331,"2,903",Sci-Fi Action,2 hrs. 16 min.,R,"$171,479,930 "
395,Mamma Mia!,Universal,18-Jul-08,27751240,"3,194",Musical,1 hrs. 48 min.,PG-13,"$144,169,664 "
424,Cheaper by the Dozen,Fox,25-Dec-03,27557647,"3,307",Family Comedy,1 hrs. 38 min.,PG,"$138,614,544 "
460,Wonder,Lionsgate,17-Nov-17,27547866,"3,519",Drama,1 hrs. 53 min.,PG,"$132,422,809 "
523,The Devil Wears Prada,Fox,30-Jun-06,27537244,"2,882",Comedy,1 hrs. 46 min.,PG-13,"$124,740,460 "
372,Les Miserables (2012),Universal,25-Dec-12,27281735,"2,927",Musical,2 hrs. 37 min.,PG-13,"$148,809,770 "
537,The Bourne Identity,Universal,14-Jun-02,27118640,"2,663",Action Thriller,1 hrs. 58 min.,PG-13,"$121,661,683 "
461,The Departed,Warner Bros.,6-Oct-06,26887467,"3,017",Crime Drama,2 hrs. 30 min.,R,"$132,384,315 "
492,The Curious Case of Benjamin Button,Paramount,25-Dec-08,26853816,"2,988",Fantasy Drama,2 hrs. 48 min.,PG-13,"$127,509,326 "
88,The Sixth Sense,Buena Vista,6-Aug-99,26681262,"2,821",Horror,1 hrs. 47 min.,PG-13,"$293,506,292 "
316,The Pursuit of Happyness,Sony / Columbia,15-Dec-06,26541709,"3,169",Drama,1 hrs. 56 min.,PG-13,"$163,566,459 "
279,Crazy Rich Asians,Warner Bros.,15-Aug-18,26510140,"3,865",Romantic Comedy,2 hrs. 0 min.,PG-13,"$174,532,921 "
482,Borat: Cultural Learnings of America for Make Benefit Glorious Nation of Kazakhstan,Fox,3-Nov-06,26455463,"2,611",Comedy,1 hrs. 24 min.,R,"$128,505,958 "
365,We're the Millers,Warner Bros. (New Line),7-Aug-13,26419396,"3,445",Comedy,1 hrs. 50 min.,R,"$150,394,119 "
356,Beverly Hills Cop II,Paramount,20-May-87,26348555,"2,326",Action Comedy,1 hrs. 43 min.,R,"$153,665,036 "
300,Bridesmaids,Universal,13-May-11,26247410,"2,958",Comedy,2 hrs. 5 min.,R,"$169,106,725 "
494,Anchorman 2: The Legend Continues,Paramount,18-Dec-13,26232425,"3,507",Comedy,1 hrs. 59 min.,PG-13,"$127,352,707 "
297,The Help,Buena Vista,10-Aug-11,26044590,"3,014",Drama,2 hrs. 17 min.,PG-13,"$169,708,112 "
384,True Lies,Fox,15-Jul-94,25869770,"2,561",Action Comedy,2 hrs. 24 min.,R,"$146,282,411 "
5,Avengers: Infinity War,Buena Vista,27-Apr-18,257698183,"4,474",Action / Adventure,2 hrs. 36 min.,PG-13,"$678,815,482 "
311,Robin Hood: Prince of Thieves,Warner Bros.,14-Jun-91,25625602,"2,369",Period Adventure,2 hrs. 23 min.,PG-13,"$165,493,908 "
481,The Nutty Professor (1996),Universal,28-Jun-96,25411725,"2,239",Comedy,1 hrs. 43 min.,PG-13,"$128,814,019 "
336,The Firm,Paramount,2-Jul-93,25400000,"2,393",Thriller,2 hrs. 34 min.,R,"$158,348,367 "
442,Teenage Mutant Ninja Turtles,New Line,30-Mar-90,25398367,"2,377",Family Adventure,1 hrs. 33 min.,PG,"$135,265,915 "
282,Apollo 13,Universal,30-Jun-95,25353380,"2,347",Action Thriller,2 hrs. 20 min.,PG,"$173,837,933 "
259,Indiana Jones and the Temple of Doom,Paramount,23-May-84,25337110,"1,687",Period Adventure,1 hrs. 58 min.,PG,"$179,870,271 "
444,Patch Adams,Universal,25-Dec-98,25262280,"2,909",Comedy / Drama,1 hrs. 55 min.,PG-13,"$135,026,902 "
515,Tomorrow Never Dies,MGM,19-Dec-97,25143007,"2,807",Action,1 hrs. 59 min.,PG-13,"$125,304,276 "
452,The Rock,Buena Vista,7-Jun-96,25069525,"2,426",Action,2 hrs. 16 min.,R,"$134,069,511 "
292,True Grit,Paramount,22-Dec-10,24830443,"3,464",Western,1 hrs. 50 min.,PG-13,"$171,243,005 "
1,Star Wars: The Force Awakens,Buena Vista,18-Dec-15,247966675,"4,134",Sci-Fi Fantasy,2 hrs. 16 min.,PG-13,"$936,662,225 "
388,Taken,Fox,30-Jan-09,24717037,"3,184",Action,1 hrs. 33 min.,PG-13,"$145,000,989 "
64,Forrest Gump,Paramount,6-Jul-94,24450602,"2,365",Comedy / Drama,2 hrs. 21 min.,PG-13,"$330,455,270 "
244,The Fugitive,Warner Bros.,6-Aug-93,23758855,"2,425",Action Thriller,2 hrs. 10 min.,PG-13,"$183,875,760 "
290,Mary Poppins Returns,Buena Vista,19-Dec-18,23523121,"4,090",Musical,2 hrs. 10 min.,PG,"$171,958,438 "
235,The Polar Express,Warner Bros.,10-Nov-04,23323463,"3,650",Animation,1 hrs. 40 min.,G,"$187,224,490 "
457,Alvin and the Chipmunks: Chipwrecked,Fox,16-Dec-11,23244744,"3,734",Family Comedy,1 hrs. 27 min.,G,"$133,110,742 "
548,The Mask,New Line,29-Jul-94,23117068,"2,516",Comedy,1 hrs. 37 min.,PG-13,"$119,938,730 "
79,Return of the Jedi,Fox,25-May-83,23019618,"1,764",Sci-Fi Fantasy,2 hrs. 14 min.,PG,"$309,306,177 "
542,Mulan,Buena Vista,19-Jun-98,22745143,"2,953",Animation,1 hrs. 28 min.,G,"$120,620,254 "
520,Life of Pi,Fox,21-Nov-12,22451514,"2,946",Adventure,2 hrs. 6 min.,PG,"$124,987,023 "
9,Star Wars: The Last Jedi,Buena Vista,15-Dec-17,220009584,"4,232",Sci-Fi Fantasy,2 hrs. 31 min.,PG-13,"$620,181,382 "
499,My Best Friend's Wedding,Sony / Columbia,20-Jun-97,21678377,"2,376",Romantic Comedy,1 hrs. 45 min.,PG-13,"$127,120,029 "
496,Bumblebee,Paramount,21-Dec-18,21654047,"3,597",Sci-Fi Action,1 hrs. 54 min.,PG-13,"$127,195,589 "
486,Coming to America,Paramount,29-Jun-88,21404420,"2,064",Romantic Comedy,1 hrs. 56 min.,R,"$128,152,301 "
7,Jurassic World,Universal,12-Jun-15,208806270,"4,291",Action / Adventure,2 hrs. 4 min.,PG-13,"$652,270,625 "
544,Seabiscuit,Universal,25-Jul-03,20854735,"2,573",Sports Drama,2 hrs. 9 min.,PG-13,"$120,277,854 "
8,Marvel's The Avengers,Buena Vista,4-May-12,207438708,"4,349",Action / Adventure,2 hrs. 22 min.,PG-13,"$623,357,910 "
166,Mrs. Doubtfire,Fox,24-Nov-93,20468847,"2,354",Family Comedy,2 hrs. 5 min.,PG-13,"$219,195,243 "
380,Lethal Weapon 2,Warner Bros.,7-Jul-89,20388800,"1,830",Action Comedy,1 hrs. 53 min.,R,"$147,253,986 "
533,Clear and Present Danger,Paramount,5-Aug-94,20348017,"2,433",Action Thriller,2 hrs. 21 min.,PG-13,"$122,187,717 "
4,Black Panther,Buena Vista,16-Feb-18,202003951,"4,084",Action / Adventure,2 hrs. 20 min.,PG-13,"$700,059,566 "
364,Rambo: First Blood Part II,TriStar,22-May-85,20176217,"2,074",Action,1 hrs. 34 min.,R,"$150,415,432 "
490,Rocky IV,United Artists,27-Nov-85,19991537,"2,254",Sports Drama,1 hrs. 31 min.,PG,"$127,873,716 "
439,Argo,Warner Bros.,12-Oct-12,19458109,"3,247",Drama / Thriller,2 hrs. 0 min.,R,"$136,025,503 "
391,The Santa Clause,Buena Vista,11-Nov-94,19321992,"2,388",Family Comedy,1 hrs. 37 min.,PG,"$144,833,357 "
18,Avengers: Age of Ultron,Buena Vista,1-May-15,191271109,"4,276",Action / Adventure,2 hrs. 21 min.,PG-13,"$459,005,868 "
526,The Birdcage,MGM,8-Mar-96,18275828,"2,285",Comedy,1 hrs. 57 min.,R,"$124,060,553 "
10,Incredibles 2,Buena Vista,15-Jun-18,182687905,"4,410",Animation,1 hrs. 58 min.,PG,"$608,581,744 "
536,Wayne's World,Paramount,14-Feb-92,18122710,"1,878",Comedy,1 hrs. 35 min.,PG-13,"$121,697,323 "
435,The Green Mile,Warner Bros.,10-Dec-99,18017152,"2,875",Period Drama,3 hrs. 8 min.,R,"$136,801,374 "
31,Captain America: Civil War,Buena Vista,6-May-16,179139142,"4,226",Action / Adventure,2 hrs. 27 min.,PG-13,"$408,084,349 "
14,Beauty and the Beast (2017),Buena Vista,17-Mar-17,174750616,"4,210",Fantasy,2 hrs. 9 min.,PG,"$504,014,165 "
30,Iron Man 3,Buena Vista,3-May-13,174144585,"4,253",Action / Adventure,2 hrs. 9 min.,PG-13,"$409,013,994 "
502,Sleepless in Seattle,TriStar,25-Jun-93,17253733,"1,657",Romantic Comedy,1 hrs. 45 min.,PG,"$126,808,165 "
534,The Hunt for Red October,Paramount,2-Mar-90,17161835,"1,817",Action Thriller,2 hrs. 14 min.,PG,"$122,012,643 "
354,Jerry Maguire,Sony / Columbia,13-Dec-96,17084296,"2,531",Comedy / Drama,2 hrs. 18 min.,R,"$153,952,592 "
98,Home Alone,Fox,16-Nov-90,17081997,"2,173",Family Comedy,1 hrs. 45 min.,PG,"$285,761,243 "
40,Harry Potter and the Deathly Hallows Part 2,Warner Bros.,15-Jul-11,169189427,"4,375",Fantasy,2 hrs. 10 min.,PG-13,"$381,193,157 "
535,The Bodyguard,Warner Bros.,25-Nov-92,16611793,"1,806",Romance,2 hrs. 10 min.,R,"$122,006,740 "
65,Batman v Superman: Dawn of Justice,Warner Bros.,25-Mar-16,166007347,"4,256",Action / Adventure,2 hrs. 31 min.,PG-13,"$330,360,194 "
497,Dumb and Dumber,New Line,16-Dec-94,16363442,"2,565",Comedy,1 hrs. 41 min.,PG-13,"$127,175,374 "
19,The Dark Knight Rises,Warner Bros.,20-Jul-12,160887295,"4,404",Action Thriller,2 hrs. 45 min.,PG-13,"$448,139,099 "
524,Something's Gotta Give,Sony / Columbia,12-Dec-03,16064723,"2,876",Romantic Comedy,2 hrs. 8 min.,PG-13,"$124,728,738 "
12,The Dark Knight,Warner Bros.,18-Jul-08,158411483,"4,366",Action / Adventure,2 hrs. 30 min.,PG-13,"$535,234,033 "
24,The Hunger Games: Catching Fire,Lionsgate,22-Nov-13,158074286,"4,163",Action / Adventure,2 hrs. 26 min.,PG-13,"$424,668,047 "
408,A Few Good Men,Columbia,11-Dec-92,15517468,"2,201",Drama / Thriller,2 hrs. 18 min.,R,"$141,340,178 "
13,Rogue One: A Star Wars Story,Buena Vista,16-Dec-16,155081681,"4,157",Sci-Fi Adventure,2 hrs. 13 min.,PG-13,"$532,177,324 "
23,Captain Marvel ,Buena Vista,8-Mar-19,153433423,"4,310",Action / Adventure,2 hrs. 8 min.,PG-13,"$426,829,839 "
32,The Hunger Games,Lionsgate,23-Mar-12,152535747,"4,137",Action / Adventure,2 hrs. 22 min.,PG-13,"$408,010,692 "
143,Beverly Hills Cop,Paramount,5-Dec-84,15214805,"2,006",Action Comedy,1 hrs. 45 min.,R,"$234,760,478 "
58,Spider-Man 3,Sony / Columbia,4-May-07,151116516,"4,324",Action / Adventure,2 hrs. 20 min.,PG-13,"$336,530,303 "
417,Stuart Little,Sony / Columbia,17-Dec-99,15018223,"3,151",Family Adventure,1 hrs. 24 min.,PG,"$140,035,367 "
480,The Ring,DreamWorks,18-Oct-02,15015393,"2,927",Horror,1 hrs. 49 min.,PG-13,"$129,128,133 "
27,Jurassic World: Fallen Kingdom,Universal,22-Jun-18,148024610,"4,485",Action / Adventure,2 hrs. 8 min.,PG-13,"$417,719,760 "
52,Furious 7,Universal,3-Apr-15,147187040,"4,022",Action,2 hrs. 17 min.,PG-13,"$353,007,020 "
39,Guardians of the Galaxy Vol. 2,Buena Vista,5-May-17,146510104,"4,347",Action / Adventure,2 hrs. 17 min.,PG-13,"$389,813,101 "
539,Speed,Fox,10-Jun-94,14456194,"2,169",Action Thriller,1 hrs. 56 min.,R,"$121,248,145 "
86,The Twilight Saga: New Moon,Summit Entertainment,20-Nov-09,142839137,"4,124",Romance,2 hrs. 10 min.,PG-13,"$296,623,634 "
470,"Honey, I Shrunk the Kids",Buena Vista,23-Jun-89,14262961,"1,498",Family Adventure,1 hrs. 41 min.,PG,"$130,724,172 "
91,The Twilight Saga: Breaking Dawn Part 2,Lionsgate/Summit,16-Nov-12,141067634,"4,070",Romance,1 hrs. 56 min.,PG-13,"$292,324,737 "
101,The Twilight Saga: Breaking Dawn Part 1,Summit Entertainment,18-Nov-11,138122261,"4,066",Romance,1 hrs. 48 min.,PG-13,"$281,287,133 "
469,The Silence of the Lambs,Orion Pictures,14-Feb-91,13766814,"1,642",Thriller,1 hrs. 58 min.,R,"$130,742,922 "
271,There's Something About Mary,Fox,15-Jul-98,13740644,"2,555",Romantic Comedy,1 hrs. 59 min.,R,"$176,484,651 "
134,Ghostbusters,Columbia,8-Jun-84,13578151,"1,506",Horror Comedy,1 hrs. 47 min.,PG,"$242,582,079 "
25,Pirates of the Caribbean: Dead Man's Chest,Buena Vista,7-Jul-06,135634554,"4,133",Period Adventure,2 hrs. 31 min.,PG-13,"$423,315,812 "
550,Hook,TriStar,11-Dec-91,13522535,"2,254",Fantasy,2 hrs. 22 min.,PG,"$119,654,823 "
15,Finding Dory,Buena Vista,17-Jun-16,135060273,"4,305",Animation,1 hrs. 43 min.,PG,"$486,295,561 "
67,Suicide Squad,Warner Bros.,5-Aug-16,133682248,"4,255",Action / Adventure,2 hrs. 10 min.,PG-13,"$325,100,054 "
49,Deadpool,Fox,12-Feb-16,132434639,"3,856",Action,1 hrs. 46 min.,R,"$363,070,709 "
527,City Slickers,Columbia,7-Jun-91,13032121,"2,171",Comedy,1 hrs. 52 min.,PG-13,"$124,033,791 "
76,Iron Man 2,Paramount,7-May-10,128122480,"4,390",Action / Adventure,2 hrs. 5 min.,PG-13,"$312,433,331 "
374,As Good as It Gets,Sony / Columbia,23-Dec-97,12606928,"1,837",Romantic Comedy,2 hrs. 19 min.,PG-13,"$148,478,011 "
68,Deadpool 2,Fox,18-May-18,125507153,"4,349",Action,1 hrs. 59 min.,R,"$324,591,735 "
87,Harry Potter and the Deathly Hallows Part 1,Warner Bros.,19-Nov-10,125017372,"4,125",Fantasy,2 hrs. 30 min.,PG-13,"$296,131,568 "
66,It,Warner Bros. (New Line),8-Sep-17,123403419,"4,148",Horror,2 hrs. 15 min.,R,"$327,481,748 "
75,Thor: Ragnarok,Buena Vista,3-Nov-17,122744989,"4,080",Action / Adventure,2 hrs. 10 min.,PG-13,"$315,058,289 "
170,Ghost,Paramount,13-Jul-90,12191540,"1,766",Romance,2 hrs. 8 min.,PG-13,"$217,631,306 "
57,The Hunger Games: Mockingjay - Part 1,Lionsgate,21-Nov-14,121897634,"4,151",Action / Adventure,2 hrs. 3 min.,PG-13,"$337,135,885 "
69,Shrek the Third,Paramount (DreamWorks),18-May-07,121629270,"4,172",Animation,1 hrs. 32 min.,PG,"$322,719,944 "
416,Look Who's Talking,TriStar,13-Oct-89,12107784,"1,651",Family Comedy,1 hrs. 33 min.,PG-13,"$140,088,813 "
420,Sister Act,Buena Vista,29-May-92,11894587,"2,087",Comedy,1 hrs. 40 min.,PG,"$139,605,150 "
21,E.T.: The Extra-Terrestrial,Universal,11-Jun-82,11835389,"1,778",Family Adventure,1 hrs. 57 min.,PG,"$435,110,554 "
61,Spider-Man: Homecoming,Sony / Columbia,7-Jul-17,117027503,"4,348",Action / Adventure,2 hrs. 13 min.,PG-13,"$334,201,140 "
94,Man of Steel,Warner Bros.,14-Jun-13,116619362,"4,207",Action / Adventure,2 hrs. 23 min.,PG-13,"$291,045,518 "
62,Alice in Wonderland (2010),Buena Vista,5-Mar-10,116101023,"3,739",Family Adventure,1 hrs. 49 min.,PG,"$334,191,110 "
59,Minions,Universal,10-Jul-15,115718405,"4,311",Animation,1 hrs. 31 min.,PG,"$336,045,770 "
34,Spider-Man,Sony / Columbia,3-May-02,114844116,"3,876",Action / Adventure,2 hrs. 1 min.,PG-13,"$403,706,375 "
78,Pirates of the Caribbean: At World's End,Buena Vista,25-May-07,114732820,"4,362",Period Adventure,2 hrs. 48 min.,PG-13,"$309,420,425 "
263,Pretty Woman,Buena Vista,23-Mar-90,11280591,"1,811",Romantic Comedy,1 hrs. 59 min.,R,"$178,406,268 "
342,Who Framed Roger Rabbit,Buena Vista,24-Jun-88,11226239,"1,598",Fantasy Comedy,1 hrs. 43 min.,PG,"$156,452,370 "
188,Back to the Future,Universal,3-Jul-85,11152500,"1,550",Sci-Fi Adventure,1 hrs. 51 min.,PG,"$210,609,762 "
28,Toy Story 3,Buena Vista,18-Jun-10,110307189,"4,028",Animation,1 hrs. 43 min.,G,"$415,004,880 "
36,Transformers: Revenge of the Fallen,Paramount (DreamWorks),24-Jun-09,108966307,"4,293",Sci-Fi Action,2 hrs. 24 min.,PG-13,"$402,111,870 "
42,Star Wars: Episode III - Revenge of the Sith,Fox,19-May-05,108435841,"3,663",Sci-Fi Fantasy,2 hrs. 26 min.,PG-13,"$380,270,577 "
20,Shrek 2,DreamWorks,19-May-04,108037878,"4,223",Animation,1 hrs. 33 min.,PG,"$441,226,247 "
46,The Secret Life of Pets,Universal,8-Jul-16,104352905,"4,381",Animation,1 hrs. 30 min.,PG,"$368,384,330 "
48,The Jungle Book (2016),Buena Vista,15-Apr-16,103261464,"4,144",Adventure,1 hrs. 45 min.,PG,"$364,001,123 "
29,Wonder Woman,Warner Bros.,2-Jun-17,103251471,"4,165",Action / Adventure,2 hrs. 21 min.,PG-13,"$412,563,408 "
144,X-Men: The Last Stand,Fox,26-May-06,102750665,"3,714",Action / Adventure,1 hrs. 44 min.,PG-13,"$234,362,462 "
96,Harry Potter and the Goblet of Fire,Warner Bros.,18-Nov-05,102685961,"3,858",Fantasy,2 hrs. 33 min.,PG-13,"$290,201,752 "
99,The Hunger Games: Mockingjay - Part 2,Lionsgate,20-Nov-15,102665981,"4,175",Action / Adventure,2 hrs. 17 min.,PG-13,"$281,723,902 "
73,Indiana Jones and the Kingdom of the Crystal Skull,Paramount,22-May-08,100137835,"4,264",Period Adventure,2 hrs. 0 min.,PG-13,"$317,101,119 "
131,Transformers: Age of Extinction,Paramount,27-Jun-14,100038390,"4,233",Sci-Fi Action,2 hrs. 45 min.,PG-13,"$245,439,076 "
426,Platoon,Orion Pictures,19-Dec-86,N/A,N/A,War,2 hrs. 0 min.,R,"$138,530,565 "
479,An Officer and a Gentleman,Paramount,30-Jul-82,N/A,N/A,Romance,2 hrs. 2 min.,R,"$129,795,554 "
528,"Good Morning, Vietnam ",Buena Vista,25-Dec-87,N/A,N/A,Comedy / Drama,1 hrs. 59 min.,R,"$123,922,370 "
334,The Sound of Music,Fox,2-Mar-65,N/A,N/A,Musical,2 hrs. 54 min.,G,"$159,287,539 "
503,Smokey and the Bandit,Universal,27-May-77,N/A,N/A,Action Comedy,1 hrs. 36 min.,PG,"$126,737,428 "
